education_index,employment_rate,unemployment_rate,skill_rate,informal_rate,count
6.984918746044389,0.39476932924877695,0.021003539895415462,0.7091077105227062,0.13629920899821682,415549
